{
  "lightgbm": {
    "n_estimators": 500,
    "learning_rate": 0.11762531901940977,
    "num_leaves": 172,
    "max_depth": 14,
    "min_child_samples": 35,
    "subsample": 0.9672885840156292,
    "colsample_bytree": 0.45430044833543604,
    "reg_alpha": 0.0021028950590706703,
    "reg_lambda": 0.00046119557086871956,
    "min_split_gain": 0.21136111704284477
  },
  "xgboost": {
    "n_estimators": 600,
    "learning_rate": 0.08840319563488976,
    "max_depth": 10,
    "min_child_weight": 12,
    "subsample": 0.8399033339322793,
    "colsample_bytree": 0.757443777311729,
    "colsample_bylevel": 0.8973484190485109,
    "reg_alpha": 0.0005600860302212788,
    "reg_lambda": 0.017134389973291836,
    "gamma": 0.5582013944556345
  }
}