{
  "crowd": {
    "lgb": 0.08910339648345235,
    "gb": 0.9108966035165412,
    "rf": 6.387224142508096e-15
  },
  "future": {
    "gb": 0.9108966228466501,
    "lgb": 0.08910337715334991
  },
  "hist_p95_log": 9.9226376110745
}